{
    "$schema": "https://schema.management.azure.com/schemas/2015-01-01/deploymentParameters.json#",
    "contentVersion": "1.0.0.0",
    "parameters": {
        "adminPassword": {
            "value": null
        },
        "adminUserName": {
            "value": "ayd2"
        },
        "authenticationType": {
            "value": "password"
        },
        "dnsPrefix": {
            "value": "proyecto1g7"
        },
        "publicIPName": {
            "value": "jenkins-pip"
        },
        "publicIPNewOrExisting": {
            "value": "new"
        },
        "publicIPResourceGroup": {
            "value": "grupo7"
        },
        "storageAccountType": {
            "value": "Premium_LRS"
        },
        "vmName": {
            "value": "jenkins"
        },
        "vmSize": {
            "value": "Standard_DS2_v2"
        },
        "location": {
            "value": "eastus"
        },
        "jenkinsReleaseType": {
            "value": "LTS"
        },
        "spType": {
            "value": "msi"
        },
        "enableCloudAgents": {
            "value": "vm"
        },
        "vnetName": {
            "value": "jenkins-vnet"
        },
        "vnetResourceGroup": {
            "value": "grupo7"
        },
        "vnetAddressPrefix": {
            "value": "10.0.0.0/16"
        },
        "vnetNewOrExisting": {
            "value": "new"
        },
        "subnetName": {
            "value": "jenkins"
        },
        "subnetAddressPrefix": {
            "value": "10.0.0.0/24"
        }
    }
}